id,name,fasta,accSolAbs,accsolrel,bindigpar,secstru
1,PRO_1_A,P,140.04,102.9,0,L
2,LEU_2_A,L,56.77,31.8,2,L
3,PRO_3_A,P,91.94,67.5,2,L
4,TRP_4_A,W,145.20,58.2,2,L
5,CYS_5_A,C,1.11,0.8,1,L
6,PRO_6_A,P,73.74,54.2,2,T
7,HIS_7_A,H,46.85,25.6,1,T
8,LEU_8_A,L,18.78,10.5,2,L
9,VAL_9_A,V,138.27,91.3,2,L
10,ALA_10_A,A,33.79,31.3,2,L
11,VAL_11_A,V,37.84,25.0,2,L
12,CYS_12_A,C,57.55,42.9,0,L
13,PRO_13_A,P,120.17,88.3,0,L
14,ILE_14_A,I,51.95,29.7,0,L
15,PRO_15_A,P,47.77,35.1,0,L
16,ALA_16_A,A,119.72,110.9,0,T
17,ALA_17_A,A,106.92,99.0,0,T
18,GLY_18_A,G,27.98,34.9,0,L
19,LEU_19_A,L,17.94,10.0,0,L
20,ASP_20_A,D,66.04,47.0,0,L
21,VAL_21_A,V,17.79,11.7,0,T
22,THR_22_A,T,90.22,64.8,0,T
23,GLN_23_A,Q,67.96,38.1,0,L
24,PRO_24_A,P,66.11,48.6,0,L
25,CYS_25_A,C,4.15,3.1,0,L
26,GLY_26_A,G,59.23,73.9,0,T
27,ASP_27_A,D,77.68,55.3,0,T
28,CYS_28_A,C,50.90,37.9,0,T
29,GLY_29_A,G,42.89,53.5,0,L
30,THR_30_A,T,31.25,22.4,0,L
31,ILE_31_A,I,96.06,54.9,0,L
32,GLN_32_A,Q,110.77,62.1,0,L
33,GLU_33_A,E,69.48,40.3,0,L
34,ASN_34_A,N,5.30,3.7,0,E
35,TRP_35_A,W,40.94,16.4,0,E
36,VAL_36_A,V,1.07,0.7,0,E
37,CYS_37_A,C,0.00,0.0,0,E
38,LEU_38_A,L,0.60,0.3,0,T
39,SER_39_A,S,18.66,16.0,0,T
40,CYS_40_A,C,45.95,34.2,0,T
41,TYR_41_A,Y,26.07,12.3,0,L
42,GLN_42_A,Q,83.70,46.9,0,L
43,VAL_43_A,V,3.93,2.6,0,E
44,TYR_44_A,Y,30.97,14.6,0,E
45,CYS_45_A,C,0.00,0.0,0,E
46,GLY_46_A,G,4.40,5.5,0,L
47,ARG_47_A,R,122.94,51.5,0,T
48,TYR_48_A,Y,187.92,88.3,0,T
49,ILE_49_A,I,42.32,24.2,0,T
50,ASN_50_A,N,82.03,57.0,0,T
51,GLY_51_A,G,14.85,18.5,0,L
52,HIS_52_A,H,30.44,16.6,0,H
53,MET_53_A,M,1.97,1.0,0,H
54,LEU_54_A,L,70.80,39.6,0,H
55,GLN_55_A,Q,90.28,50.6,0,H
56,HIS_56_A,H,20.04,11.0,0,H
57,HIS_57_A,H,29.97,16.4,0,H
58,GLY_58_A,G,62.92,78.6,0,H
59,ASN_59_A,N,123.78,86.0,0,H
60,SER_60_A,S,46.64,40.0,0,H
61,GLY_61_A,G,29.97,37.4,0,L
62,HIS_62_A,H,51.91,28.4,0,L
63,PRO_63_A,P,7.93,5.8,2,L
64,LEU_64_A,L,1.54,0.9,2,E
65,VAL_65_A,V,2.71,1.8,0,E
66,LEU_66_A,L,0.07,0.0,0,E
67,SER_67_A,S,4.38,3.8,0,E
68,TYR_68_A,Y,5.58,2.6,0,T
69,ILE_69_A,I,95.09,54.3,0,T
70,ASP_70_A,D,94.23,67.1,0,T
71,LEU_71_A,L,33.32,18.7,0,L
72,SER_72_A,S,29.32,25.2,0,L
73,ALA_73_A,A,1.31,1.2,2,E
74,TRP_74_A,W,55.80,22.4,2,E
75,CYS_75_A,C,0.00,0.0,1,E
76,TYR_76_A,Y,27.60,13.0,2,T
77,TYR_77_A,Y,109.13,51.3,2,T
78,CYS_78_A,C,38.08,28.4,1,T
79,GLN_79_A,Q,136.27,76.3,2,T
80,ALA_80_A,A,17.05,15.8,2,E
81,TYR_81_A,Y,101.21,47.6,2,E
82,VAL_82_A,V,2.74,1.8,2,L
83,HIS_83_A,H,96.97,53.0,0,L
84,HIS_84_A,H,71.17,38.9,0,L
85,GLN_85_A,Q,147.18,82.5,0,L
86,ALA_86_A,A,58.94,54.6,0,L
87,LEU_87_A,L,0.97,0.5,0,L
88,LEU_88_A,L,77.09,43.2,0,H
89,ASP_89_A,D,85.66,61.0,0,H
90,VAL_90_A,V,3.12,2.1,0,H
91,LYS_91_A,K,45.88,22.8,0,H
92,ASN_92_A,N,75.17,52.2,0,H
93,ILE_93_A,I,74.22,42.4,0,H
94,ALA_94_A,A,0.00,0.0,0,H
95,HIS_95_A,H,96.30,52.7,0,H
96,GLN_96_A,Q,115.20,64.5,0,H
97,ASN_97_A,N,76.32,53.0,0,H
98,LYS_98_A,K,89.95,44.8,0,H
99,PHE_99_A,F,120.48,60.4,0,L
